"symbol_code","text_codes","primary_symbol_label","all_labels"
"1","","noSym","noSym | NONE"
"2","","accidentalNatural","accidentalNatural | medRenNatural | accidentalNaturalArabic | NATURAL"
"3","#x","accidentalTripleSharp","accidentalTripleSharp | SHARP3"
"4","x","accidentalDoubleSharp","accidentalDoubleSharp | accidentalSharpSharp | accidentalDoubleSharpArabic | SHARP2 | SHARP_SHARP"
"5","#","accidentalSharp","accidentalSharp | accidentalBakiyeSharp | accidentalWyschnegradsky6TwelfthsSharp | accidentalSharpArabic | accidentalNaturalSharp | SHARP | NATURAL_SHARP"
"6","b","accidentalFlat","accidentalFlat | accidentalKucukMucennebFlat | accidentalWyschnegradsky6TwelfthsFlat | accidentalFlatArabic | accidentalNaturalFlat | FLAT | NATURAL_FLAT"
"7","bb","accidentalDoubleFlat","accidentalDoubleFlat | accidentalDoubleFlatArabic | FLAT2"
"8","bbb","accidentalTripleFlat","accidentalTripleFlat | FLAT3"
"9","#+","accidentalThreeQuarterTonesSharpStein","accidentalThreeQuarterTonesSharpStein | accidentalWyschnegradsky9TwelfthsSharp | accidentalThreeQuarterTonesSharpArabic | SHARP_SLASH4 | NINE_TWELFTH_SHARP"
"10","+","accidentalQuarterToneSharpStein","accidentalQuarterToneSharpStein | accidentalWyschnegradsky3TwelfthsSharp | accidentalKomaSharp | accidentalQuarterToneSharpArabic | SHARP_SLASH | THREE_TWELFTH_SHARP"
"11","D","accidentalQuarterToneFlatFilledReversed","accidentalQuarterToneFlatFilledReversed"
"12","d","accidentalQuarterToneFlatStein","accidentalQuarterToneFlatStein | accidentalNarrowReversedFlat | accidentalKomaFlat | accidentalLowerOneUndecimalQuartertone | MIRRORED_FLAT"
"13","B","accidentalQuarterToneFlatPenderecki","accidentalQuarterToneFlatPenderecki"
"14","db","accidentalThreeQuarterTonesFlatZimmermann","accidentalThreeQuarterTonesFlatZimmermann | accidentalNarrowReversedFlatAndFlat | accidentalThreeQuarterTonesFlatCouper | MIRRORED_FLAT2"
"15","Db","accidentalFilledReversedFlatAndFlat","accidentalFilledReversedFlatAndFlat"
"16","b//","accidentalBuyukMucennebFlat","accidentalBuyukMucennebFlat | FLAT_SLASH2"
"17","b/","accidentalBakiyeFlat","accidentalBakiyeFlat | accidentalQuarterToneFlatArabic | accidentalOneQuarterToneFlatStockhausen | FLAT_SLASH"
"18","E","accidentalKucukMucennebSharp","accidentalKucukMucennebSharp | SHARP_SLASH3"
"19","E|","accidentalBuyukMucennebSharp","accidentalBuyukMucennebSharp | SHARP_SLASH2"
"20","|b","accidentalThreeQuarterTonesFlatArabic","accidentalThreeQuarterTonesFlatArabic | accidentalThreeQuarterTonesFlatGrisey"
"21","|E","accidentalThreeQuarterTonesSharpStockhausen","accidentalThreeQuarterTonesSharpStockhausen"
"22","x^3","accidentalDoubleSharpThreeArrowsUp","accidentalDoubleSharpThreeArrowsUp | DOUBLE_SHARP_THREE_ARROWS_UP"
"23","x^2","accidentalDoubleSharpTwoArrowsUp","accidentalDoubleSharpTwoArrowsUp | DOUBLE_SHARP_TWO_ARROWS_UP"
"24","x^","accidentalDoubleSharpOneArrowUp","accidentalDoubleSharpOneArrowUp | accidentalFiveQuarterTonesSharpArrowUp | SHARP2_ARROW_UP | DOUBLE_SHARP_ONE_ARROW_UP"
"25","xv","accidentalDoubleSharpOneArrowDown","accidentalDoubleSharpOneArrowDown | accidentalThreeQuarterTonesSharpArrowDown | SHARP2_ARROW_DOWN | DOUBLE_SHARP_ONE_ARROW_DOWN"
"26","xv2","accidentalDoubleSharpTwoArrowsDown","accidentalDoubleSharpTwoArrowsDown | DOUBLE_SHARP_TWO_ARROWS_DOWN"
"27","xv3","accidentalDoubleSharpThreeArrowsDown","accidentalDoubleSharpThreeArrowsDown | DOUBLE_SHARP_THREE_ARROWS_DOWN"
"28","#+^","accidentalOneAndAHalfSharpsArrowUp","accidentalOneAndAHalfSharpsArrowUp"
"29","#+v","accidentalOneAndAHalfSharpsArrowDown","accidentalOneAndAHalfSharpsArrowDown"
"30","#^3","accidentalSharpThreeArrowsUp","accidentalSharpThreeArrowsUp | SHARP_THREE_ARROWS_UP"
"31","#^2","accidentalSharpTwoArrowsUp","accidentalSharpTwoArrowsUp | SHARP_TWO_ARROWS_UP"
"32","#^","accidentalSharpOneArrowUp","accidentalSharpOneArrowUp | accidentalThreeQuarterTonesSharpArrowUp | accidentalSharpRaisedStockhausen | SHARP_ARROW_UP | SHARP_ONE_ARROW_UP"
"33","#v","accidentalSharpOneArrowDown","accidentalSharpOneArrowDown | accidentalQuarterToneSharpArrowDown | accidentalSharpLoweredStockhausen | SHARP_ARROW_DOWN | SHARP_ONE_ARROW_DOWN"
"34","#v2","accidentalSharpTwoArrowsDown","accidentalSharpTwoArrowsDown | SHARP_TWO_ARROWS_DOWN"
"35","#v3","accidentalSharpThreeArrowsDown","accidentalSharpThreeArrowsDown | SHARP_THREE_ARROWS_DOWN"
"36","+^","accidentalHalfSharpArrowUp","accidentalHalfSharpArrowUp"
"37","+v","accidentalHalfSharpArrowDown","accidentalHalfSharpArrowDown"
"38","^3","accidentalNaturalThreeArrowsUp","accidentalNaturalThreeArrowsUp | NATURAL_THREE_ARROWS_UP"
"39","^2","accidentalNaturalTwoArrowsUp","accidentalNaturalTwoArrowsUp | NATURAL_TWO_ARROWS_UP"
"40","^","accidentalNaturalOneArrowUp","accidentalNaturalOneArrowUp | accidentalQuarterToneSharpNaturalArrowUp | accidentalNaturalRaisedStockhausen | NATURAL_ARROW_UP | NATURAL_ONE_ARROW_UP"
"41","/","accidentalArrowUp","accidentalArrowUp | accidentalCombiningLower23Limit29LimitComma | accidentalRaisedStockhausen | ARROW_UP"
"42","v","accidentalNaturalOneArrowDown","accidentalNaturalOneArrowDown | accidentalQuarterToneFlatNaturalArrowDown | accidentalNaturalLoweredStockhausen | NATURAL_ARROW_DOWN | NATURAL_ONE_ARROW_DOWN"
"43","\","accidentalArrowDown","accidentalArrowDown | accidentalCombiningRaise23Limit29LimitComma | accidentalLoweredStockhausen | ARROW_DOWN"
"44","v2","accidentalNaturalTwoArrowsDown","accidentalNaturalTwoArrowsDown | NATURAL_TWO_ARROWS_DOWN"
"45","v3","accidentalNaturalThreeArrowsDown","accidentalNaturalThreeArrowsDown | NATURAL_THREE_ARROWS_DOWN"
"46","d^","accidentalReversedFlatArrowUp","accidentalReversedFlatArrowUp"
"47","D^","accidentalFilledReversedFlatArrowUp","accidentalFilledReversedFlatArrowUp"
"48","dv","accidentalReversedFlatArrowDown","accidentalReversedFlatArrowDown"
"49","Dv","accidentalFilledReversedFlatArrowDown","accidentalFilledReversedFlatArrowDown"
"50","b^3","accidentalFlatThreeArrowsUp","accidentalFlatThreeArrowsUp | FLAT_THREE_ARROWS_UP"
"51","b^2","accidentalFlatTwoArrowsUp","accidentalFlatTwoArrowsUp | FLAT_TWO_ARROWS_UP"
"52","b^","accidentalFlatOneArrowUp","accidentalFlatOneArrowUp | accidentalQuarterToneFlatArrowUp | accidentalFlatRaisedStockhausen | FLAT_ARROW_UP | FLAT_ONE_ARROW_UP"
"53","bv","accidentalFlatOneArrowDown","accidentalFlatOneArrowDown | accidentalThreeQuarterTonesFlatArrowDown | accidentalFlatLoweredStockhausen | FLAT_ARROW_DOWN | FLAT_ONE_ARROW_DOWN"
"54","bv2","accidentalFlatTwoArrowsDown","accidentalFlatTwoArrowsDown | FLAT_TWO_ARROWS_DOWN"
"55","bv3","accidentalFlatThreeArrowsDown","accidentalFlatThreeArrowsDown | FLAT_THREE_ARROWS_DOWN"
"56","db^","accidentalReversedFlatAndFlatArrowUp","accidentalReversedFlatAndFlatArrowUp"
"57","Db^","accidentalFilledReversedFlatAndFlatArrowUp","accidentalFilledReversedFlatAndFlatArrowUp"
"58","dbv","accidentalReversedFlatAndFlatArrowDown","accidentalReversedFlatAndFlatArrowDown"
"59","Dbv","accidentalFilledReversedFlatAndFlatArrowDown","accidentalFilledReversedFlatAndFlatArrowDown"
"60","bb^3","accidentalDoubleFlatThreeArrowsUp","accidentalDoubleFlatThreeArrowsUp | DOUBLE_FLAT_THREE_ARROWS_UP"
"61","bb^2","accidentalDoubleFlatTwoArrowsUp","accidentalDoubleFlatTwoArrowsUp | DOUBLE_FLAT_TWO_ARROWS_UP"
"62","bb^","accidentalDoubleFlatOneArrowUp","accidentalDoubleFlatOneArrowUp | accidentalThreeQuarterTonesFlatArrowUp | FLAT2_ARROW_UP | DOUBLE_FLAT_ONE_ARROW_UP"
"63","bbv","accidentalDoubleFlatOneArrowDown","accidentalDoubleFlatOneArrowDown | accidentalFiveQuarterTonesFlatArrowDown | FLAT2_ARROW_DOWN | DOUBLE_FLAT_ONE_ARROW_DOWN"
"64","bbv2","accidentalDoubleFlatTwoArrowsDown","accidentalDoubleFlatTwoArrowsDown | DOUBLE_FLAT_TWO_ARROWS_DOWN"
"65","bbv3","accidentalDoubleFlatThreeArrowsDown","accidentalDoubleFlatThreeArrowsDown | DOUBLE_FLAT_THREE_ARROWS_DOWN"
"66","#>","accidentalSharpRepeatedLineStockhausen","accidentalSharpRepeatedLineStockhausen"
"67","#|>","accidentalSharpRepeatedSpaceStockhausen","accidentalSharpRepeatedSpaceStockhausen"
"68","b>","accidentalFlatRepeatedLineStockhausen","accidentalFlatRepeatedLineStockhausen"
"69","b|>","accidentalFlatRepeatedSpaceStockhausen","accidentalFlatRepeatedSpaceStockhausen"
"70","u77","accidentalRaiseTwoSeptimalCommas","accidentalRaiseTwoSeptimalCommas"
"71","u7","accidentalRaiseOneSeptimalComma","accidentalRaiseOneSeptimalComma"
"72","d7","accidentalLowerOneSeptimalComma","accidentalLowerOneSeptimalComma"
"73","d77","accidentalLowerTwoSeptimalCommas","accidentalLowerTwoSeptimalCommas"
"74","t","accidentalRaiseOneUndecimalQuartertone","accidentalRaiseOneUndecimalQuartertone | accidentalOneQuarterToneSharpStockhausen"
"75","tt","accidentalRaiseOneTridecimalQuartertone","accidentalRaiseOneTridecimalQuartertone"
"76","d|","accidentalLowerOneTridecimalQuartertone","accidentalLowerOneTridecimalQuartertone"
"77","'''","accidentalCombiningRaise53LimitComma","accidentalCombiningRaise53LimitComma"
"78","''","accidentalCombiningRaise17Schisma","accidentalCombiningRaise17Schisma"
"79","'","accidentalCombiningRaise19Schisma","accidentalCombiningRaise19Schisma | accSagittalAcute"
"80","`","accidentalCombiningLower19Schisma","accidentalCombiningLower19Schisma | accSagittalGrave"
"81","``","accidentalCombiningLower17Schisma","accidentalCombiningLower17Schisma"
"82","```","accidentalCombiningLower53LimitComma","accidentalCombiningLower53LimitComma"
"83",">||","accidentalSori","accidentalSori"
"84",">|","accidentalCombiningRaise31Schisma","accidentalCombiningRaise31Schisma"
"85","<|","accidentalCombiningLower31Schisma","accidentalCombiningLower31Schisma"
"86","|>","accidentalKoron","accidentalKoron"
"87","{","accidentalCombiningOpenCurlyBrace","accidentalCombiningOpenCurlyBrace"
"88","}","accidentalCombiningCloseCurlyBrace","accidentalCombiningCloseCurlyBrace"
"89","_bb","accidentalDoubleFlatEqualTempered","accidentalDoubleFlatEqualTempered"
"90","_b","accidentalFlatEqualTempered","accidentalFlatEqualTempered"
"91","_d","accidentalQuarterFlatEqualTempered","accidentalQuarterFlatEqualTempered"
"92","_2","accidentalNaturalEqualTempered","accidentalNaturalEqualTempered"
"93","_t","accidentalQuarterSharpEqualTempered","accidentalQuarterSharpEqualTempered"
"94","_#","accidentalSharpEqualTempered","accidentalSharpEqualTempered"
"95","_x","accidentalDoubleSharpEqualTempered","accidentalDoubleSharpEqualTempered"
"96","aprx","accidentalEnharmonicAlmostEqualTo","accidentalEnharmonicAlmostEqualTo"
"97","=","accidentalEnharmonicEquals","accidentalEnharmonicEquals"
"98","~","accidentalEnharmonicTilde","accidentalEnharmonicTilde"
"99","","medRenSharpCroix","medRenSharpCroix"
"100","","medRenNaturalWithCross","medRenNaturalWithCross"
"101","","medRenFlatSoftB","medRenFlatSoftB"
"102","","medRenFlatHardB","medRenFlatHardB"
"103","","medRenFlatWithDot","medRenFlatWithDot"
"104","j+","accidentalJohnstonPlus","accidentalJohnstonPlus"
"105","j-","accidentalJohnstonMinus","accidentalJohnstonMinus"
"106","ju7","accidentalJohnstonEl","accidentalJohnstonEl"
"107","jd7","accidentalJohnstonSeven","accidentalJohnstonSeven"
"108","j/","accidentalJohnstonUp","accidentalJohnstonUp"
"109","j\","accidentalJohnstonDown","accidentalJohnstonDown"
"110","ju13","accidentalJohnston13","accidentalJohnston13"
"111","jd13","accidentalJohnston31","accidentalJohnston31"
"112","s^3","accidentalSims4Up","accidentalSims4Up"
"113","s^2","accidentalSims6Up","accidentalSims6Up"
"114","s^","accidentalSims12Up","accidentalSims12Up"
"115","sv","accidentalSims12Down","accidentalSims12Down"
"116","sv2","accidentalSims6Down","accidentalSims6Down"
"117","sv3","accidentalSims4Down","accidentalSims4Down"
"118","#+=","accidentalWyschnegradsky11TwelfthsSharp","accidentalWyschnegradsky11TwelfthsSharp"
"119","#+-","accidentalWyschnegradsky10TwelfthsSharp","accidentalWyschnegradsky10TwelfthsSharp"
"120","#=","accidentalWyschnegradsky8TwelfthsSharp","accidentalWyschnegradsky8TwelfthsSharp"
"121","#-","accidentalWyschnegradsky7TwelfthsSharp","accidentalWyschnegradsky7TwelfthsSharp"
"122","+=","accidentalWyschnegradsky5TwelfthsSharp","accidentalWyschnegradsky5TwelfthsSharp"
"123","+-","accidentalWyschnegradsky4TwelfthsSharp","accidentalWyschnegradsky4TwelfthsSharp"
"124","|=","accidentalWyschnegradsky2TwelfthsSharp","accidentalWyschnegradsky2TwelfthsSharp"
"125","|-","accidentalWyschnegradsky1TwelfthsSharp","accidentalWyschnegradsky1TwelfthsSharp"
"126","h=","accidentalWyschnegradsky1TwelfthsFlat","accidentalWyschnegradsky1TwelfthsFlat"
"127","h-","accidentalWyschnegradsky2TwelfthsFlat","accidentalWyschnegradsky2TwelfthsFlat"
"128","h","accidentalWyschnegradsky3TwelfthsFlat","accidentalWyschnegradsky3TwelfthsFlat"
"129","b=","accidentalWyschnegradsky4TwelfthsFlat","accidentalWyschnegradsky4TwelfthsFlat"
"130","b-","accidentalWyschnegradsky5TwelfthsFlat","accidentalWyschnegradsky5TwelfthsFlat"
"131","bh=","accidentalWyschnegradsky7TwelfthsFlat","accidentalWyschnegradsky7TwelfthsFlat"
"132","bh-","accidentalWyschnegradsky8TwelfthsFlat","accidentalWyschnegradsky8TwelfthsFlat"
"133","bh","accidentalWyschnegradsky9TwelfthsFlat","accidentalWyschnegradsky9TwelfthsFlat"
"134","bb=","accidentalWyschnegradsky10TwelfthsFlat","accidentalWyschnegradsky10TwelfthsFlat"
"135","bb-","accidentalWyschnegradsky11TwelfthsFlat","accidentalWyschnegradsky11TwelfthsFlat"
"136","","accidentalXenakisOneThirdToneSharp","accidentalXenakisOneThirdToneSharp"
"137","","accidentalXenakisTwoThirdTonesSharp","accidentalXenakisTwoThirdTonesSharp"
"138","","accidentalQuarterToneSharpBusotti","accidentalQuarterToneSharpBusotti"
"139","","accidentalSharpOneHorizontalStroke","accidentalSharpOneHorizontalStroke"
"140","","accidentalThreeQuarterTonesSharpBusotti","accidentalThreeQuarterTonesSharpBusotti"
"141","","accidentalQuarterToneSharpWiggle","accidentalQuarterToneSharpWiggle"
"142","","accidentalTavenerSharp","accidentalTavenerSharp"
"143","","accidentalTavenerFlat","accidentalTavenerFlat"
"144","","accidentalCommaSlashUp","accidentalCommaSlashUp"
"145","","accidentalCommaSlashDown","accidentalCommaSlashDown"
"146","","accidentalWilsonPlus","accidentalWilsonPlus"
"147","","accidentalWilsonMinus","accidentalWilsonMinus"
"148","","accidentalLargeDoubleSharp","accidentalLargeDoubleSharp"
"149","","accidentalQuarterToneSharp4","accidentalQuarterToneSharp4"
"150","","accidentalQuarterToneFlat4","accidentalQuarterToneFlat4"
"151","","accidentalSharpReversed","accidentalSharpReversed"
"152","","accidentalNaturalReversed","accidentalNaturalReversed"
"153","","accidentalFlatTurned","accidentalFlatTurned"
"154","","accidentalDoubleFlatReversed","accidentalDoubleFlatReversed"
"155","","accidentalDoubleFlatTurned","accidentalDoubleFlatTurned"
"156","","accidentalThreeQuarterTonesFlatTartini","accidentalThreeQuarterTonesFlatTartini"
"157","","accidentalQuarterToneFlatVanBlankenburg","accidentalQuarterToneFlatVanBlankenburg"
"158","","accidentalTwoThirdTonesSharpFerneyhough","accidentalTwoThirdTonesSharpFerneyhough"
"159","","accidentalOneThirdToneSharpFerneyhough","accidentalOneThirdToneSharpFerneyhough"
"160","","accidentalOneQuarterToneSharpFerneyhough","accidentalOneQuarterToneSharpFerneyhough"
"161","","accidentalOneQuarterToneFlatFerneyhough","accidentalOneQuarterToneFlatFerneyhough"
"162","","accidentalOneThirdToneFlatFerneyhough","accidentalOneThirdToneFlatFerneyhough"
"163","","accidentalTwoThirdTonesFlatFerneyhough","accidentalTwoThirdTonesFlatFerneyhough"
"164","/X\","accSagittalDoubleSharp","accSagittalDoubleSharp"
"165","/X)","accSagittalDoubleSharp5v7kDown","accSagittalDoubleSharp5v7kDown"
"166","X\","accSagittalDoubleSharp5CDown","accSagittalDoubleSharp5CDown"
"167","X)","accSagittalDoubleSharp7CDown","accSagittalDoubleSharp7CDown"
"168",")X(","accSagittalDoubleSharp25SDown","accSagittalDoubleSharp25SDown"
"169","(|||\","accSagittalSharp35LUp","accSagittalSharp35LUp"
"170","(|||)","accSagittalSharp11LUp","accSagittalSharp11LUp"
"171","/|||\","accSagittalSharp11MUp","accSagittalSharp11MUp"
"172","/|||)","accSagittalSharp35MUp","accSagittalSharp35MUp"
"173","=|||","accSagittalSharp25SUp","accSagittalSharp25SUp"
"174","|||)","accSagittalSharp7CUp","accSagittalSharp7CUp"
"175","/|||","accSagittalSharp5CUp","accSagittalSharp5CUp"
"176","|||(","accSagittalSharp5v7kUp","accSagittalSharp5v7kUp"
"177","/||\","accSagittalSharp","accSagittalSharp | SAGITTAL_SHARP"
"178","/||)","accSagittalSharp5v7kDown","accSagittalSharp5v7kDown | SAGITTAL_SHARP5V7KD"
"179","||\","accSagittalSharp5CDown","accSagittalSharp5CDown | SAGITTAL_SHARP5CD"
"180","||)","accSagittalSharp7CDown","accSagittalSharp7CDown | SAGITTAL_SHARP7CD"
"181",")||(","accSagittalSharp25SDown","accSagittalSharp25SDown | SAGITTAL_SHARP25SD"
"182","(|\","accSagittal35LargeDiesisUp","accSagittal35LargeDiesisUp | SAGITTAL_35LDU"
"183","(|)","accSagittal11LargeDiesisUp","accSagittal11LargeDiesisUp | SAGITTAL_11LDU"
"184","/|\","accSagittal11MediumDiesisUp","accSagittal11MediumDiesisUp | SAGITTAL_11MDU"
"185","/|)","accSagittal35MediumDiesisUp","accSagittal35MediumDiesisUp | SAGITTAL_35MDU"
"186","=|","accSagittal25SmallDiesisUp","accSagittal25SmallDiesisUp | SAGITTAL_25SDU"
"187","|)","accSagittal7CommaUp","accSagittal7CommaUp | SAGITTAL_7CU"
"188","/|","accSagittal5CommaUp","accSagittal5CommaUp | SAGITTAL_5CU"
"189","|(","accSagittal5v7KleismaUp","accSagittal5v7KleismaUp | SAGITTAL_5V7KU"
"190","!(","accSagittal5v7KleismaDown","accSagittal5v7KleismaDown | SAGITTAL_5V7KD"
"191","\!","accSagittal5CommaDown","accSagittal5CommaDown | SAGITTAL_5CD"
"192","!)","accSagittal7CommaDown","accSagittal7CommaDown | SAGITTAL_7CD"
"193","=!","accSagittal25SmallDiesisDown","accSagittal25SmallDiesisDown | SAGITTAL_25SDD"
"194","\!)","accSagittal35MediumDiesisDown","accSagittal35MediumDiesisDown | SAGITTAL_35MDD"
"195","\!/","accSagittal11MediumDiesisDown","accSagittal11MediumDiesisDown | SAGITTAL_11MDD"
"196","(!)","accSagittal11LargeDiesisDown","accSagittal11LargeDiesisDown | SAGITTAL_11LDD"
"197","(!/","accSagittal35LargeDiesisDown","accSagittal35LargeDiesisDown | SAGITTAL_35LDD"
"198",")!!(","accSagittalFlat25SUp","accSagittalFlat25SUp | SAGITTAL_FLAT25SU"
"199","!!)","accSagittalFlat7CUp","accSagittalFlat7CUp | SAGITTAL_FLAT7CU"
"200","!!/","accSagittalFlat5CUp","accSagittalFlat5CUp | SAGITTAL_FLAT5CU"
"201","\!!)","accSagittalFlat5v7kUp","accSagittalFlat5v7kUp | SAGITTAL_FLAT5V7KU"
"202","\!!/","accSagittalFlat","accSagittalFlat | SAGITTAL_FLAT"
"203","!!!(","accSagittalFlat5v7kDown","accSagittalFlat5v7kDown"
"204","\!!!","accSagittalFlat5CDown","accSagittalFlat5CDown"
"205","!!!)","accSagittalFlat7CDown","accSagittalFlat7CDown"
"206","=!!!","accSagittalFlat25SDown","accSagittalFlat25SDown"
"207","\!!!)","accSagittalFlat35MDown","accSagittalFlat35MDown"
"208","\!!!/","accSagittalFlat11MDown","accSagittalFlat11MDown"
"209","(!!!)","accSagittalFlat11LDown","accSagittalFlat11LDown"
"210","(!!!/","accSagittalFlat35LDown","accSagittalFlat35LDown"
"211",")Y(","accSagittalDoubleFlat25SUp","accSagittalDoubleFlat25SUp"
"212","Y)","accSagittalDoubleFlat7CUp","accSagittalDoubleFlat7CUp"
"213","Y/","accSagittalDoubleFlat5CUp","accSagittalDoubleFlat5CUp"
"214","\Y)","accSagittalDoubleFlat5v7kUp","accSagittalDoubleFlat5v7kUp"
"215","\Y/","accSagittalDoubleFlat","accSagittalDoubleFlat"
"216","=X","accSagittalDoubleSharp7v11kDown","accSagittalDoubleSharp7v11kDown"
"217","(X(","accSagittalDoubleSharp17CDown","accSagittalDoubleSharp17CDown"
"218","/X","accSagittalDoubleSharp55CDown","accSagittalDoubleSharp55CDown"
"219",")X~","accSagittalDoubleSharp7v11CDown","accSagittalDoubleSharp7v11CDown"
"220","~X(","accSagittalDoubleSharp5v11SDown","accSagittalDoubleSharp5v11SDown"
"221","(|||(","accSagittalSharp5v11SUp","accSagittalSharp5v11SUp"
"222","(|||","accSagittalSharp7v11CUp","accSagittalSharp7v11CUp"
"223","|||\","accSagittalSharp55CUp","accSagittalSharp55CUp"
"224","~|||(","accSagittalSharp17CUp","accSagittalSharp17CUp"
"225",")|||(","accSagittalSharp7v11kUp","accSagittalSharp7v11kUp"
"226","=||","accSagittalSharp7v11kDown","accSagittalSharp7v11kDown"
"227","(||(","accSagittalSharp17CDown","accSagittalSharp17CDown"
"228","/||","accSagittalSharp55CDown","accSagittalSharp55CDown"
"229",")||~","accSagittalSharp7v11CDown","accSagittalSharp7v11CDown"
"230","~||(","accSagittalSharp5v11SDown","accSagittalSharp5v11SDown"
"231","(|(","accSagittal5v11SmallDiesisUp","accSagittal5v11SmallDiesisUp"
"232","(|","accSagittal7v11CommaUp","accSagittal7v11CommaUp"
"233","|\","accSagittal55CommaUp","accSagittal55CommaUp"
"234","~|(","accSagittal17CommaUp","accSagittal17CommaUp"
"235",")|(","accSagittal7v11KleismaUp","accSagittal7v11KleismaUp"
"236",")!(","accSagittal7v11KleismaDown","accSagittal7v11KleismaDown"
"237","~!(","accSagittal17CommaDown","accSagittal17CommaDown"
"238","!/","accSagittal55CommaDown","accSagittal55CommaDown"
"239","(!","accSagittal7v11CommaDown","accSagittal7v11CommaDown"
"240","(!(","accSagittal5v11SmallDiesisDown","accSagittal5v11SmallDiesisDown"
"241","~!!(","accSagittalFlat5v11SUp","accSagittalFlat5v11SUp"
"242",")!!~","accSagittalFlat7v11CUp","accSagittalFlat7v11CUp"
"243","\!!","accSagittalFlat55CUp","accSagittalFlat55CUp"
"244","(!!(","accSagittalFlat17CUp","accSagittalFlat17CUp"
"245","=!!","accSagittalFlat7v11kUp","accSagittalFlat7v11kUp"
"246",")!!!(","accSagittalFlat7v11kDown","accSagittalFlat7v11kDown"
"247","~!!!(","accSagittalFlat17CDown","accSagittalFlat17CDown"
"248","!!!/","accSagittalFlat55CDown","accSagittalFlat55CDown"
"249","(!!!","accSagittalFlat7v11CDown","accSagittalFlat7v11CDown"
"250","(!!!(","accSagittalFlat5v11SDown","accSagittalFlat5v11SDown"
"251","~Y(","accSagittalDoubleFlat5v11SUp","accSagittalDoubleFlat5v11SUp"
"252",")Y~","accSagittalDoubleFlat7v11CUp","accSagittalDoubleFlat7v11CUp"
"253","\Y","accSagittalDoubleFlat55CUp","accSagittalDoubleFlat55CUp"
"254","(Y(","accSagittalDoubleFlat17CUp","accSagittalDoubleFlat17CUp"
"255","=Y","accSagittalDoubleFlat7v11kUp","accSagittalDoubleFlat7v11kUp"
"256","/X~","accSagittalDoubleSharp23CDown","accSagittalDoubleSharp23CDown"
"257",")X)","accSagittalDoubleSharp5v19CDown","accSagittalDoubleSharp5v19CDown"
"258","X~","accSagittalDoubleSharp5v23SDown","accSagittalDoubleSharp5v23SDown"
"259","/|||~","accSagittalSharp5v23SUp","accSagittalSharp5v23SUp"
"260",")/|||","accSagittalSharp5v19CUp","accSagittalSharp5v19CUp"
"261","|||~","accSagittalSharp23CUp","accSagittalSharp23CUp"
"262","/||~","accSagittalSharp23CDown","accSagittalSharp23CDown"
"263",")||)","accSagittalSharp5v19CDown","accSagittalSharp5v19CDown"
"264","||~","accSagittalSharp5v23SDown","accSagittalSharp5v23SDown"
"265","/|~","accSagittal5v23SmallDiesisUp","accSagittal5v23SmallDiesisUp"
"266",")/|","accSagittal5v19CommaUp","accSagittal5v19CommaUp"
"267","|~","accSagittal23CommaUp","accSagittal23CommaUp"
"268","!~","accSagittal23CommaDown","accSagittal23CommaDown"
"269",")\!","accSagittal5v19CommaDown","accSagittal5v19CommaDown"
"270","\!~","accSagittal5v23SmallDiesisDown","accSagittal5v23SmallDiesisDown"
"271","!!~","accSagittalFlat5v23SUp","accSagittalFlat5v23SUp"
"272",")!!)","accSagittalFlat5v19CUp","accSagittalFlat5v19CUp"
"273","\!!~","accSagittalFlat23CUp","accSagittalFlat23CUp"
"274","!!!~","accSagittalFlat23CDown","accSagittalFlat23CDown"
"275",")\!!!","accSagittalFlat5v19CDown","accSagittalFlat5v19CDown"
"276","\!!!~","accSagittalFlat5v23SDown","accSagittalFlat5v23SDown"
"277","Y~","accSagittalDoubleFlat5v23SUp","accSagittalDoubleFlat5v23SUp"
"278",")Y)","accSagittalDoubleFlat5v19CUp","accSagittalDoubleFlat5v19CUp"
"279","\Y~","accSagittalDoubleFlat23CUp","accSagittalDoubleFlat23CUp"
"280","(X~","accSagittalDoubleSharp19sDown","accSagittalDoubleSharp19sDown"
"281",")=X","accSagittalDoubleSharp17kDown","accSagittalDoubleSharp17kDown"
"282","~X\","accSagittalDoubleSharp143CDown","accSagittalDoubleSharp143CDown"
"283","~X)","accSagittalDoubleSharp11v49CDown","accSagittalDoubleSharp11v49CDown"
"284","(X","accSagittalDoubleSharp19CDown","accSagittalDoubleSharp19CDown"
"285",")/X","accSagittalDoubleSharp7v19CDown","accSagittalDoubleSharp7v19CDown"
"286","~~X","accSagittalDoubleSharp49SDown","accSagittalDoubleSharp49SDown"
"287",")~X","accSagittalDoubleSharp23SDown","accSagittalDoubleSharp23SDown"
"288",")|||=","accSagittalSharp5v13LUp","accSagittalSharp5v13LUp"
"289","|||=","accSagittalSharp11v19LUp","accSagittalSharp11v19LUp"
"290","|||\)","accSagittalSharp49LUp","accSagittalSharp49LUp"
"291",")/|||\","accSagittalSharp5v49MUp","accSagittalSharp5v49MUp"
"292","(/|||","accSagittalSharp49MUp","accSagittalSharp49MUp"
"293","(|||~","accSagittalSharp11v19MUp","accSagittalSharp11v19MUp"
"294",")=|||","accSagittalSharp5v13MUp","accSagittalSharp5v13MUp"
"295","~|||\","accSagittalSharp23SUp","accSagittalSharp23SUp"
"296","~|||)","accSagittalSharp49SUp","accSagittalSharp49SUp"
"297",")|||)","accSagittalSharp7v19CUp","accSagittalSharp7v19CUp"
"298",")|||~","accSagittalSharp19CUp","accSagittalSharp19CUp"
"299","~~|||","accSagittalSharp11v49CUp","accSagittalSharp11v49CUp"
"300",")~|||","accSagittalSharp143CUp","accSagittalSharp143CUp"
"301","~|||","accSagittalSharp17kUp","accSagittalSharp17kUp"
"302",")|||","accSagittalSharp19sUp","accSagittalSharp19sUp"
"303","(||~","accSagittalSharp19sDown","accSagittalSharp19sDown"
"304",")=||","accSagittalSharp17kDown","accSagittalSharp17kDown"
"305","~||\","accSagittalSharp143CDown","accSagittalSharp143CDown"
"306","~||)","accSagittalSharp11v49CDown","accSagittalSharp11v49CDown"
"307","(||","accSagittalSharp19CDown","accSagittalSharp19CDown"
"308",")/||","accSagittalSharp7v19CDown","accSagittalSharp7v19CDown"
"309","~~||","accSagittalSharp49SDown","accSagittalSharp49SDown"
"310",")~||","accSagittalSharp23SDown","accSagittalSharp23SDown"
"311",")|=","accSagittal5v13LargeDiesisUp","accSagittal5v13LargeDiesisUp"
"312","|\\","accSagittal11v19LargeDiesisUp","accSagittal11v19LargeDiesisUp"
"313","|\)","accSagittal49LargeDiesisUp","accSagittal49LargeDiesisUp"
"314",")/|\","accSagittal5v49MediumDiesisUp","accSagittal5v49MediumDiesisUp"
"315","(/|","accSagittal49MediumDiesisUp","accSagittal49MediumDiesisUp"
"316","(|~","accSagittal11v19MediumDiesisUp","accSagittal11v19MediumDiesisUp"
"317",")=|","accSagittal5v13MediumDiesisUp","accSagittal5v13MediumDiesisUp"
"318","~|\","accSagittal23SmallDiesisUp","accSagittal23SmallDiesisUp"
"319","~|)","accSagittal49SmallDiesisUp","accSagittal49SmallDiesisUp"
"320",")|)","accSagittal7v19CommaUp","accSagittal7v19CommaUp"
"321",")|~","accSagittal19CommaUp","accSagittal19CommaUp"
"322","~~|","accSagittal11v49CommaUp","accSagittal11v49CommaUp"
"323",")~|","accSagittal143CommaUp","accSagittal143CommaUp"
"324","~|","accSagittal17KleismaUp","accSagittal17KleismaUp"
"325",")|","accSagittal19SchismaUp","accSagittal19SchismaUp"
"326",")!","accSagittal19SchismaDown","accSagittal19SchismaDown"
"327","~!","accSagittal17KleismaDown","accSagittal17KleismaDown"
"328",")~!","accSagittal143CommaDown","accSagittal143CommaDown"
"329","~~!","accSagittal11v49CommaDown","accSagittal11v49CommaDown"
"330",")!~","accSagittal19CommaDown","accSagittal19CommaDown"
"331",")!)","accSagittal7v19CommaDown","accSagittal7v19CommaDown"
"332","~!)","accSagittal49SmallDiesisDown","accSagittal49SmallDiesisDown"
"333","~!/","accSagittal23SmallDiesisDown","accSagittal23SmallDiesisDown"
"334",")=!","accSagittal5v13MediumDiesisDown","accSagittal5v13MediumDiesisDown"
"335","(!~","accSagittal11v19MediumDiesisDown","accSagittal11v19MediumDiesisDown"
"336","(\!","accSagittal49MediumDiesisDown","accSagittal49MediumDiesisDown"
"337",")\!/","accSagittal5v49MediumDiesisDown","accSagittal5v49MediumDiesisDown"
"338","!/)","accSagittal49LargeDiesisDown","accSagittal49LargeDiesisDown"
"339","!=","accSagittal11v19LargeDiesisDown","accSagittal11v19LargeDiesisDown"
"340",")!=","accSagittal5v13LargeDiesisDown","accSagittal5v13LargeDiesisDown"
"341",")~!!","accSagittalFlat23SUp","accSagittalFlat23SUp"
"342","~~!!","accSagittalFlat49SUp","accSagittalFlat49SUp"
"343",")\!!","accSagittalFlat7v19CUp","accSagittalFlat7v19CUp"
"344","(!!","accSagittalFlat19CUp","accSagittalFlat19CUp"
"345","~!!)","accSagittalFlat11v49CUp","accSagittalFlat11v49CUp"
"346","~!!/","accSagittalFlat143CUp","accSagittalFlat143CUp"
"347",")=!!","accSagittalFlat17kUp","accSagittalFlat17kUp"
"348","(!!~","accSagittalFlat19sUp","accSagittalFlat19sUp"
"349",")!!!","accSagittalFlat19sDown","accSagittalFlat19sDown"
"350","~!!!","accSagittalFlat17kDown","accSagittalFlat17kDown"
"351",")~!!!","accSagittalFlat143CDown","accSagittalFlat143CDown"
"352","~~!!!","accSagittalFlat11v49CDown","accSagittalFlat11v49CDown"
"353",")!!!~","accSagittalFlat19CDown","accSagittalFlat19CDown"
"354",")!!!)","accSagittalFlat7v19CDown","accSagittalFlat7v19CDown"
"355","~!!!)","accSagittalFlat49SDown","accSagittalFlat49SDown"
"356","~!!!/","accSagittalFlat23SDown","accSagittalFlat23SDown"
"357",")=!!!","accSagittalFlat5v13MDown","accSagittalFlat5v13MDown"
"358","(!!!~","accSagittalFlat11v19MDown","accSagittalFlat11v19MDown"
"359","(\!!!","accSagittalFlat49MDown","accSagittalFlat49MDown"
"360",")\!!!/","accSagittalFlat5v49MDown","accSagittalFlat5v49MDown"
"361","!!!/)","accSagittalFlat49LDown","accSagittalFlat49LDown"
"362","!!!=","accSagittalFlat11v19LDown","accSagittalFlat11v19LDown"
"363",")!!!=","accSagittalFlat5v13LDown","accSagittalFlat5v13LDown"
"364",")~Y","accSagittalDoubleFlat23SUp","accSagittalDoubleFlat23SUp"
"365","~~Y","accSagittalDoubleFlat49SUp","accSagittalDoubleFlat49SUp"
"366",")\Y","accSagittalDoubleFlat7v19CUp","accSagittalDoubleFlat7v19CUp"
"367","(Y","accSagittalDoubleFlat19CUp","accSagittalDoubleFlat19CUp"
"368","~Y)","accSagittalDoubleFlat11v49CUp","accSagittalDoubleFlat11v49CUp"
"369","~Y/","accSagittalDoubleFlat143CUp","accSagittalDoubleFlat143CUp"
"370",")=Y","accSagittalDoubleFlat17kUp","accSagittalDoubleFlat17kUp"
"371","(Y~","accSagittalDoubleFlat19sUp","accSagittalDoubleFlat19sUp"
"372","|","accSagittalShaftUp","accSagittalShaftUp"
"373","!","accSagittalShaftDown","accSagittalShaftDown"
